{"Air Force": "Air Force", "Akron": "Akron", "Alabama": "Alabama", "Appalachian State": "Appalachian State", "Arizona": "Arizona", "Arizona State": "Arizona State", "Arkansas": "Arkansas", "Arkansas State": "Arkansas State", "Army": "Army", "Auburn": "Auburn", "Ball State": "Ball State", "Baylor": "Baylor", "Boise State": "Boise State", "Boston College": "BC", "Bowling Green": "Bowling Green", "Buffalo": "Buffalo", "BYU": "BYU", "California": "CA", "Central Michigan": "Central Michigan", "Charlotte": "Charlotte", "Cincinnati": "Cincinnati", "Clemson": "CL", "Coastal Carolina": "Coastal Carolina", "Colorado": "Colorado", "Colorado State": "Colorado State", "Connecticut": "Connecticut", "Delaware": "Delaware", "Duke": "DU", "East Carolina": "East Carolina", "Eastern Michigan": "Eastern Michigan", "Florida": "Florida", "Florida Atlantic": "Florida Atlantic", "Florida International": "FIU", "Florida State": "FS", "Fresno State": "Fresno State", "Georgia": "Georgia", "Georgia Southern": "Georgia Southern", "Georgia State": "Georgia State", "Georgia Tech": "GT", "Hawaii": "Hawaii", "Houston": "Houston", "Illinois": "Illinois", "Indiana": "Indiana", "Iowa": "Iowa", "Iowa State": "Iowa State", "Jacksonville State": "Jacksonville State", "James Madison": "James Madison", "Kansas": "Kansas", "Kansas State": "Kansas State", "Kennesaw State": "Kennesaw State", "Kent State": "Kent State", "Kentucky": "Kentucky", "Liberty": "Liberty", "Louisiana": "Louisiana", "Louisiana Tech": "Louisiana Tech", "Louisiana-Monroe": "UL Monroe", "Louisville": "LO", "LSU": "LSU", "Marshall": "Marshall", "Maryland": "Maryland", "Massachusetts": "Massachusetts", "Memphis": "Memphis", "Miami (FL)": "MI", "Miami (OH)": "Miami (Ohio)", "Michigan": "Michigan", "Michigan State": "Michigan State", "Middle Tennessee State": "Middle Tennessee", "Minnesota": "Minnesota", "Mississippi State": "Mississippi State", "Missouri": "Missouri", "Missouri State": "Missouri State", "Navy": "Navy", "Nebraska": "Nebraska", "Nevada": "Nevada", "Nevada-Las Vegas": "UNLV", "New Mexico": "New Mexico", "New Mexico State": "New Mexico State", "North Carolina": "NC", "North Carolina State": "ST", "North Texas": "North Texas", "Northern Illinois": "Northern Illinois", "Northwestern": "Northwestern", "Notre Dame": "Notre Dame", "Ohio": "Ohio", "Ohio State": "Ohio State", "Oklahoma": "Oklahoma", "Oklahoma State": "Oklahoma State", "Old Dominion": "Old Dominion", "Ole Miss": "Ole Miss", "Oregon": "Oregon", "Oregon State": "Oregon State", "Penn State": "Penn State", "Pitt": "PI", "Purdue": "Purdue", "Rice": "Rice", "Rutgers": "Rutgers", "Sam Houston": "Sam Houston", "San Diego State": "San Diego State", "San Jose State": "San Jose State", "SMU": "SM", "South Alabama": "South Alabama", "South Carolina": "South Carolina", "South Florida": "USF", "Southern Mississippi": "Southern Miss", "Stanford": "SA", "Syracuse": "SY", "Temple": "Temple", "Tennessee": "Tennessee", "Texas": "Texas", "Texas A&M": "Texas A&M", "Texas Christian": "TCU", "Texas State": "Texas State", "Texas Tech": "Texas Tech", "Toledo": "Toledo", "Troy": "Troy", "Tulane": "Tulane", "Tulsa": "Tulsa", "UAB": "UAB", "UCF": "UCF", "UCLA": "UCLA", "USC": "USC", "Utah": "Utah", "Utah State": "Utah State", "UTEP": "UTEP", "UTSA": "TX-San Antonio", "Vanderbilt": "Vanderbilt", "Virginia": "VA", "Virginia Tech": "VT", "Wake Forest": "WF", "Washington": "Washington", "Washington State": "Washington State", "West Virginia": "West Virginia", "Western Kentucky": "Western Kentucky", "Western Michigan": "Western Michigan", "Wisconsin": "Wisconsin", "Wyoming": "Wyoming"}